filename,width,height,class,xmin,ymin,xmax,ymax
0.jpg,300,300,void,269,274,292,295
0.jpg,300,300,void,262,241,284,263
0.jpg,300,300,void,98,168,115,199
1.jpg,300,300,void,126,260,146,287
1.jpg,300,300,void,274,134,295,172
10.jpg,300,300,void,5,219,36,243
100.jpg,300,300,void,148,115,197,131
100.jpg,300,300,void,70,61,110,85
100.jpg,300,300,void,133,61,160,85
100.jpg,300,300,void,68,1,93,23
100.jpg,300,300,void,206,244,228,270
100.jpg,300,300,void,90,269,112,296
100.jpg,300,300,void,214,163,252,184
100.jpg,300,300,void,137,187,176,205
100.jpg,300,300,void,209,211,267,235
100.jpg,300,300,void,260,247,288,270
101.jpg,300,300,void,145,17,228,68
101.jpg,300,300,void,90,19,111,68
101.jpg,300,300,void,134,116,228,146
102.jpg,300,300,void,24,137,207,170
102.jpg,300,300,void,20,169,211,217
103.jpg,300,300,void,254,46,300,94
103.jpg,300,300,void,144,148,222,229
104.jpg,300,300,void,148,166,230,244
104.jpg,300,300,void,268,49,300,104
105.jpg,300,300,void,186,170,261,262
106.jpg,300,300,void,233,182,300,268
107.jpg,300,300,void,1,212,65,264
107.jpg,300,300,void,1,158,52,205
108.jpg,300,300,void,3,167,75,211
108.jpg,300,300,void,9,217,88,269
109.jpg,300,300,void,1,175,74,219
109.jpg,300,300,void,3,223,82,281
11.jpg,300,300,void,123,149,222,179
11.jpg,300,300,void,151,190,169,221
11.jpg,300,300,void,120,261,143,283
11.jpg,300,300,void,50,259,72,284
110.jpg,300,300,void,1,171,93,220
110.jpg,300,300,void,9,226,101,281
111.jpg,300,300,void,1,210,69,271
112.jpg,300,300,void,4,216,108,280
113.jpg,300,300,void,53,208,195,272
114.jpg,300,300,void,122,219,266,282
115.jpg,300,300,void,176,229,300,289
116.jpg,300,300,void,229,230,300,286
12.jpg,300,300,void,74,147,124,179
125.jpg,300,300,void,1,199,58,258
126.jpg,300,300,void,1,206,114,269
127.jpg,300,300,void,30,217,170,271
128.jpg,300,300,void,87,220,227,280
129.jpg,300,300,void,138,229,290,284
13.jpg,300,300,void,6,94,86,142
13.jpg,300,300,void,5,152,56,185
130.jpg,300,300,void,184,231,300,292
131.jpg,300,300,void,239,228,300,287
132.jpg,300,300,void,29,198,78,234
133.jpg,300,300,void,81,201,131,236
134.jpg,300,300,void,1,247,43,293
134.jpg,300,300,void,124,196,178,233
135.jpg,300,300,void,145,197,210,224
135.jpg,300,300,void,1,241,73,288
135.jpg,300,300,void,1,204,29,238
136.jpg,300,300,void,1,199,57,235
136.jpg,300,300,void,8,240,109,286
136.jpg,300,300,void,179,191,242,221
137.jpg,300,300,void,206,190,275,222
137.jpg,300,300,void,33,235,130,283
137.jpg,300,300,void,3,192,81,231
138.jpg,300,300,void,1,1,55,148
139.jpg,300,300,void,1,1,56,147
14.jpg,300,300,void,120,191,140,219
14.jpg,300,300,void,121,223,176,262
140.jpg,300,300,void,3,1,120,176
141.jpg,300,300,void,88,30,202,187
141.jpg,300,300,void,1,195,110,300
142.jpg,300,300,void,170,41,300,193
142.jpg,300,300,void,34,210,210,300
143.jpg,300,300,void,246,35,300,194
143.jpg,300,300,void,117,205,300,299
143.jpg,300,300,void,1,61,45,196
144.jpg,300,300,void,1,57,96,199
144.jpg,300,300,void,182,197,298,300
145.jpg,300,300,void,233,203,298,300
145.jpg,300,300,void,23,70,151,198
146.jpg,300,300,void,44,72,197,199
147.jpg,300,300,void,107,58,261,187
148.jpg,300,300,void,203,53,300,192
149.jpg,300,300,void,1,64,42,191
15.jpg,300,300,void,2,92,88,146
15.jpg,300,300,void,1,147,169,198
15.jpg,300,300,void,176,200,300,243
15.jpg,300,300,void,207,58,284,100
15.jpg,300,300,void,178,148,300,197
15.jpg,300,300,void,72,248,103,291
150.jpg,300,300,void,1,62,114,187
151.jpg,300,300,void,1,59,154,190
152.jpg,300,300,void,1,58,187,191
153.jpg,300,300,void,1,49,217,189
154.jpg,300,300,void,1,46,272,182
155.jpg,300,300,void,1,44,298,179
156.jpg,300,300,void,42,42,300,174
157.jpg,300,300,void,105,36,300,172
158.jpg,300,300,void,169,36,300,171
159.jpg,300,300,void,231,42,300,169
16.jpg,300,300,void,1,52,263,116
16.jpg,300,300,void,112,191,156,252
16.jpg,300,300,void,197,252,251,300
17.jpg,300,300,void,211,113,278,186
17.jpg,300,300,void,107,56,288,112
17.jpg,300,300,void,38,186,72,222
18.jpg,300,300,void,96,151,132,175
18.jpg,300,300,void,160,152,185,173
18.jpg,300,300,void,62,175,107,205
18.jpg,300,300,void,51,92,85,119
18.jpg,300,300,void,107,91,133,118
18.jpg,300,300,void,163,12,224,48
18.jpg,300,300,void,26,152,51,171
18.jpg,300,300,void,234,106,263,147
181.jpg,300,300,void,140,157,186,199
182.jpg,300,300,void,231,125,293,166
183.jpg,300,300,void,256,127,300,171
184.jpg,300,300,void,220,135,274,184
185.jpg,300,300,void,220,137,272,188
186.jpg,300,300,void,271,132,300,180
19.jpg,300,300,void,157,6,180,66
19.jpg,300,300,void,127,162,175,199
19.jpg,300,300,void,212,215,261,243
19.jpg,300,300,void,261,257,299,300
193.jpg,300,300,void,36,1,96,19
2.jpg,300,300,void,111,257,138,284
20.jpg,300,300,void,24,104,126,145
20.jpg,300,300,void,33,151,124,192
20.jpg,300,300,void,197,153,255,196
20.jpg,300,300,void,1,151,21,200
201.jpg,300,300,void,46,181,115,218
202.jpg,300,300,void,130,172,201,212
202.jpg,300,300,void,1,211,27,263
203.jpg,300,300,void,190,173,264,213
203.jpg,300,300,void,1,1,44,25
203.jpg,300,300,void,44,218,87,267
204.jpg,300,300,void,230,182,300,226
204.jpg,300,300,void,87,228,129,276
204.jpg,300,300,void,2,1,79,31
205.jpg,300,300,void,133,231,171,281
205.jpg,300,300,void,19,1,129,30
205.jpg,300,300,void,86,35,124,78
205.jpg,300,300,void,88,86,126,130
206.jpg,300,300,void,75,1,185,25
206.jpg,300,300,void,199,231,239,280
206.jpg,300,300,void,134,30,175,80
206.jpg,300,300,void,147,80,184,127
207.jpg,300,300,void,138,1,258,27
207.jpg,300,300,void,205,25,247,79
207.jpg,300,300,void,208,83,249,130
207.jpg,300,300,void,249,231,294,284
207.jpg,300,300,void,1,185,42,230
208.jpg,300,300,void,202,1,298,21
208.jpg,300,300,void,272,86,300,123
208.jpg,300,300,void,48,181,92,223
208.jpg,300,300,void,1,228,47,277
209.jpg,300,300,void,36,36,75,88
209.jpg,300,300,void,109,179,155,223
209.jpg,300,300,void,56,226,105,276
21.jpg,300,300,void,214,43,300,93
21.jpg,300,300,void,174,139,288,188
21.jpg,300,300,void,119,233,188,283
210.jpg,300,300,void,101,228,157,282
210.jpg,300,300,void,160,181,208,222
210.jpg,300,300,void,1,186,41,224
210.jpg,300,300,void,1,141,37,181
210.jpg,300,300,void,101,39,140,89
211.jpg,300,300,void,1,128,82,175
211.jpg,300,300,void,1,176,87,218
211.jpg,300,300,void,155,29,200,81
211.jpg,300,300,void,209,176,263,221
211.jpg,300,300,void,151,224,205,277
212.jpg,300,300,void,224,20,267,71
212.jpg,300,300,void,270,170,300,217
212.jpg,300,300,void,212,221,268,271
212.jpg,300,300,void,53,171,143,211
212.jpg,300,300,void,9,125,142,166
213.jpg,300,300,void,75,130,208,169
213.jpg,300,300,void,114,176,209,217
218.jpg,300,300,void,245,41,293,84
218.jpg,300,300,void,219,1,300,27
218.jpg,300,300,void,140,1,181,33
218.jpg,300,300,void,1,1,28,38
218.jpg,300,300,void,50,93,81,127
218.jpg,300,300,void,14,129,45,169
218.jpg,300,300,void,92,128,203,174
218.jpg,300,300,void,170,85,213,125
218.jpg,300,300,void,112,178,278,211
218.jpg,300,300,void,226,225,277,273
219.jpg,300,300,void,183,179,298,223
219.jpg,300,300,void,153,132,280,169
219.jpg,300,300,void,245,88,300,123
219.jpg,300,300,void,261,35,300,82
219.jpg,300,300,void,224,1,273,30
219.jpg,300,300,void,125,93,151,125
219.jpg,300,300,void,84,130,115,167
22.jpg,300,300,void,100,1,155,64
22.jpg,300,300,void,183,1,244,59
22.jpg,300,300,void,72,60,210,145
22.jpg,300,300,void,181,147,259,195
22.jpg,300,300,void,142,240,249,278
220.jpg,300,300,void,196,89,232,129
220.jpg,300,300,void,155,131,191,167
220.jpg,300,300,void,223,134,300,170
220.jpg,300,300,void,256,177,300,215
221.jpg,300,300,void,263,79,300,125
221.jpg,300,300,void,215,127,254,165
221.jpg,300,300,void,110,87,140,118
221.jpg,300,300,void,1,86,17,119
222.jpg,300,300,void,257,127,300,161
222.jpg,300,300,void,150,84,183,122
222.jpg,300,300,void,84,195,118,240
222.jpg,300,300,void,1,158,39,195
222.jpg,300,300,void,25,86,53,119
222.jpg,300,300,void,78,86,101,123
223.jpg,300,300,void,51,89,82,119
223.jpg,300,300,void,180,88,214,121
223.jpg,300,300,void,110,199,144,242
223.jpg,300,300,void,14,159,64,194
224.jpg,300,300,void,85,86,115,117
224.jpg,300,300,void,148,194,177,236
224.jpg,300,300,void,226,81,259,115
224.jpg,300,300,void,138,82,167,114
224.jpg,300,300,void,51,156,94,191
225.jpg,300,300,void,133,81,162,114
225.jpg,300,300,void,194,81,219,116
225.jpg,300,300,void,197,198,229,241
225.jpg,300,300,void,98,156,141,187
226.jpg,300,300,void,184,84,217,113
226.jpg,300,300,void,246,80,277,116
226.jpg,300,300,void,246,200,279,242
226.jpg,300,300,void,142,157,187,189
23.jpg,300,300,void,172,187,230,226
236.jpg,300,300,void,192,236,255,296
236.jpg,300,300,void,169,2,205,70
237.jpg,300,300,void,253,1,292,60
24.jpg,300,300,void,148,22,245,93
24.jpg,300,300,void,1,29,51,93
24.jpg,300,300,void,1,156,231,295
25.jpg,300,300,void,52,1,126,43
255.jpg,300,300,void,39,17,68,71
256.jpg,300,300,void,100,13,124,69
257.jpg,300,300,void,161,14,188,71
258.jpg,300,300,void,221,15,248,70
258.jpg,300,300,void,1,186,46,226
259.jpg,300,300,void,1,191,97,225
26.jpg,300,300,void,55,220,111,257
26.jpg,300,300,void,209,232,244,261
260.jpg,300,300,void,1,194,132,234
261.jpg,300,300,void,56,196,197,228
262.jpg,300,300,void,146,189,300,226
263.jpg,300,300,void,246,197,300,232
264.jpg,300,300,void,44,221,92,285
264.jpg,300,300,void,37,162,87,214
265.jpg,300,300,void,99,162,150,216
265.jpg,300,300,void,101,219,155,284
266.jpg,300,300,void,14,39,41,117
266.jpg,300,300,void,146,166,197,222
266.jpg,300,300,void,161,228,207,296
267.jpg,300,300,void,214,172,264,224
267.jpg,300,300,void,227,230,273,294
267.jpg,300,300,void,87,47,112,115
268.jpg,300,300,void,1,46,20,108
268.jpg,300,300,void,168,41,195,111
269.jpg,300,300,void,78,42,115,108
269.jpg,300,300,void,265,51,293,110
27.jpg,300,300,void,1,30,86,74
27.jpg,300,300,void,180,81,271,160
270.jpg,300,300,void,160,29,197,108
271.jpg,300,300,void,232,22,276,101
273.jpg,300,300,void,9,9,44,94
274.jpg,300,300,void,59,9,94,89
275.jpg,300,300,void,131,4,177,87
276.jpg,300,300,void,231,2,274,79
278.jpg,300,300,void,1,2,23,41
279.jpg,300,300,void,24,1,60,38
28.jpg,300,300,void,109,70,155,103
28.jpg,300,300,void,63,157,215,198
28.jpg,300,300,void,52,25,220,60
280.jpg,300,300,void,78,1,115,34
281.jpg,300,300,void,52,1,118,50
281.jpg,300,300,void,153,1,194,50
282.jpg,300,300,void,241,1,283,56
282.jpg,300,300,void,139,1,208,59
283.jpg,300,300,void,210,1,287,53
29.jpg,300,300,void,61,74,248,107
29.jpg,300,300,void,1,217,29,259
29.jpg,300,300,void,170,212,238,258
29.jpg,300,300,void,186,172,245,209
294.jpg,300,300,void,1,201,57,274
295.jpg,300,300,void,19,188,109,274
296.jpg,300,300,void,80,200,156,275
297.jpg,300,300,void,117,197,204,274
298.jpg,300,300,void,193,193,272,272
299.jpg,300,300,void,263,195,300,277
3.jpg,300,300,void,182,52,209,86
30.jpg,300,300,void,73,25,219,44
30.jpg,300,300,void,78,185,212,266
303.jpg,300,300,void,1,122,38,182
304.jpg,300,300,void,1,122,76,185
305.jpg,300,300,void,6,121,130,187
306.jpg,300,300,void,45,124,192,191
307.jpg,300,300,void,107,124,254,190
308.jpg,300,300,void,169,121,300,194
309.jpg,300,300,void,228,129,300,198
31.jpg,300,300,void,114,12,269,96
310.jpg,300,300,void,17,1,76,41
311.jpg,300,300,void,76,1,151,36
311.jpg,300,300,void,6,48,54,118
312.jpg,300,300,void,139,1,228,41
312.jpg,300,300,void,5,1,44,42
312.jpg,300,300,void,66,55,122,122
312.jpg,300,300,void,1,131,51,199
313.jpg,300,300,void,204,1,292,39
313.jpg,300,300,void,120,53,191,122
313.jpg,300,300,void,64,1,113,38
313.jpg,300,300,void,39,132,115,199
314.jpg,300,300,void,273,1,300,35
314.jpg,300,300,void,128,1,178,37
314.jpg,300,300,void,173,52,254,118
314.jpg,300,300,void,94,128,175,199
315.jpg,300,300,void,178,1,239,44
315.jpg,300,300,void,233,53,300,125
315.jpg,300,300,void,149,136,237,201
316.jpg,300,300,void,244,1,296,44
316.jpg,300,300,void,206,136,300,205
317.jpg,300,300,void,270,130,300,200
32.jpg,300,300,void,1,1,82,83
32.jpg,300,300,void,24,91,164,189
32.jpg,300,300,void,155,201,237,282
327.jpg,300,300,void,1,202,42,275
328.jpg,300,300,void,1,123,297,169
328.jpg,300,300,void,110,177,228,210
328.jpg,300,300,void,111,265,238,300
329.jpg,300,300,void,1,127,300,166
329.jpg,300,300,void,193,176,300,214
329.jpg,300,300,void,1,166,95,202
329.jpg,300,300,void,177,264,299,300
33.jpg,300,300,void,220,11,264,91
33.jpg,300,300,void,193,100,278,202
330.jpg,300,300,void,88,125,300,157
330.jpg,300,300,void,250,263,300,298
331.jpg,300,300,void,144,129,299,163
332.jpg,300,300,void,200,123,300,163
333.jpg,300,300,void,270,123,300,158
334.jpg,300,300,void,256,168,300,206
335.jpg,300,300,void,1,228,38,289
336.jpg,300,300,void,58,233,89,292
34.jpg,300,300,void,134,1,215,78
340.jpg,300,300,void,151,172,184,230
341.jpg,300,300,void,217,172,249,229
342.jpg,300,300,void,279,173,300,229
344.jpg,300,300,void,1,68,48,123
345.jpg,300,300,void,50,61,112,117
346.jpg,300,300,void,1,65,33,117
346.jpg,300,300,void,126,69,187,124
347.jpg,300,300,void,196,79,257,127
347.jpg,300,300,void,25,72,112,120
348.jpg,300,300,void,258,82,300,127
348.jpg,300,300,void,93,78,169,118
349.jpg,300,300,void,145,80,226,130
35.jpg,300,300,void,187,1,280,60
35.jpg,300,300,void,112,117,162,159
350.jpg,300,300,void,191,88,272,133
351.jpg,300,300,void,250,81,300,132
352.jpg,300,300,void,1,77,79,124
353.jpg,300,300,void,1,81,151,127
354.jpg,300,300,void,49,69,140,120
355.jpg,300,300,void,112,76,189,130
356.jpg,300,300,void,153,84,229,127
357.jpg,300,300,void,218,73,290,127
361.jpg,300,300,void,271,190,294,222
361.jpg,300,300,void,64,173,114,212
362.jpg,300,300,void,136,177,182,217
363.jpg,300,300,void,169,174,218,217
363.jpg,300,300,void,8,216,49,263
364.jpg,300,300,void,38,215,79,260
364.jpg,300,300,void,196,172,253,212
365.jpg,300,300,void,247,175,296,215
365.jpg,300,300,void,88,213,128,257
366.jpg,300,300,void,135,216,174,262
367.jpg,300,300,void,191,218,225,266
368.jpg,300,300,void,257,222,292,272
378.jpg,300,300,void,79,119,114,154
378.jpg,300,300,void,1,197,54,227
379.jpg,300,300,void,126,126,165,157
379.jpg,300,300,void,45,203,102,234
380.jpg,300,300,void,170,127,207,164
380.jpg,300,300,void,84,206,138,236
381.jpg,300,300,void,222,128,257,161
381.jpg,300,300,void,131,205,193,235
382.jpg,300,300,void,199,209,255,242
383.jpg,300,300,void,264,213,300,245
384.jpg,300,300,void,1,235,50,272
385.jpg,300,300,void,53,233,104,277
386.jpg,300,300,void,93,232,143,268
387.jpg,300,300,void,131,227,182,266
388.jpg,300,300,void,182,227,236,263
389.jpg,300,300,void,49,216,104,247
389.jpg,300,300,void,56,156,107,182
389.jpg,300,300,void,73,67,246,115
39.jpg,300,300,void,58,62,178,150
390.jpg,300,300,void,48,70,85,115
390.jpg,300,300,void,83,9,128,63
390.jpg,300,300,void,107,223,165,250
390.jpg,300,300,void,125,159,169,189
390.jpg,300,300,void,73,123,119,155
390.jpg,300,300,void,147,73,298,116
391.jpg,300,300,void,212,75,300,120
391.jpg,300,300,void,149,16,204,69
391.jpg,300,300,void,110,75,150,120
391.jpg,300,300,void,182,163,230,198
391.jpg,300,300,void,155,232,217,255
391.jpg,300,300,void,130,124,176,158
392.jpg,300,300,void,215,21,267,75
392.jpg,300,300,void,175,78,211,127
392.jpg,300,300,void,190,130,235,166
392.jpg,300,300,void,238,171,292,201
392.jpg,300,300,void,210,237,275,259
393.jpg,300,300,void,250,244,300,266
393.jpg,300,300,void,243,144,300,170
393.jpg,300,300,void,229,87,270,130
393.jpg,300,300,void,270,34,300,81
394.jpg,300,300,void,280,85,300,131
394.jpg,300,300,void,1,231,59,260
395.jpg,300,300,void,78,13,108,62
395.jpg,300,300,void,57,230,110,258
396.jpg,300,300,void,120,236,169,263
396.jpg,300,300,void,150,19,175,70
397.jpg,300,300,void,212,25,242,78
397.jpg,300,300,void,177,244,226,271
398.jpg,300,300,void,226,249,278,274
398.jpg,300,300,void,270,27,300,78
399.jpg,300,300,void,267,250,300,277
4.jpg,300,300,void,196,213,214,256
4.jpg,300,300,void,154,270,203,300
4.jpg,300,300,void,71,22,97,73
4.jpg,300,300,void,6,19,54,77
40.jpg,300,300,void,23,49,63,103
40.jpg,300,300,void,76,112,108,158
40.jpg,300,300,void,78,165,114,203
401.jpg,300,300,void,1,71,26,121
401.jpg,300,300,void,1,212,34,242
401.jpg,300,300,void,1,245,56,274
402.jpg,300,300,void,1,251,113,274
402.jpg,300,300,void,1,216,96,241
402.jpg,300,300,void,1,177,34,207
402.jpg,300,300,void,41,77,105,124
403.jpg,300,300,void,116,78,166,127
403.jpg,300,300,void,1,9,49,69
403.jpg,300,300,void,1,176,99,207
403.jpg,300,300,void,52,218,160,242
403.jpg,300,300,void,46,249,174,275
404.jpg,300,300,void,105,246,233,272
404.jpg,300,300,void,113,215,217,238
404.jpg,300,300,void,1,172,161,205
404.jpg,300,300,void,183,79,233,123
404.jpg,300,300,void,61,9,126,64
405.jpg,300,300,void,125,17,189,73
405.jpg,300,300,void,242,83,292,129
405.jpg,300,300,void,19,133,72,168
405.jpg,300,300,void,41,181,214,210
405.jpg,300,300,void,167,215,269,241
405.jpg,300,300,void,160,248,274,277
406.jpg,300,300,void,202,249,300,274
406.jpg,300,300,void,212,216,300,239
406.jpg,300,300,void,90,179,266,212
406.jpg,300,300,void,72,132,125,166
406.jpg,300,300,void,183,28,244,76
407.jpg,300,300,void,253,16,300,71
407.jpg,300,300,void,135,128,184,164
407.jpg,300,300,void,153,171,300,206
407.jpg,300,300,void,272,208,299,236
407.jpg,300,300,void,263,243,300,273
408.jpg,300,300,void,205,132,256,167
408.jpg,300,300,void,221,174,300,205
409.jpg,300,300,void,273,134,300,169
41.jpg,300,300,void,143,121,209,163
414.jpg,300,300,void,188,210,246,246
415.jpg,300,300,void,168,205,239,245
416.jpg,300,300,void,277,212,300,254
416.jpg,300,300,void,164,209,225,249
417.jpg,300,300,void,249,221,275,264
417.jpg,300,300,void,136,217,192,260
418.jpg,300,300,void,197,219,224,260
418.jpg,300,300,void,83,214,140,256
419.jpg,300,300,void,273,228,300,262
419.jpg,300,300,void,251,175,300,217
419.jpg,300,300,void,134,217,155,257
419.jpg,300,300,void,24,213,80,252
42.jpg,300,300,void,84,187,249,271
420.jpg,300,300,void,166,169,203,212
420.jpg,300,300,void,196,222,220,259
420.jpg,300,300,void,55,214,84,254
420.jpg,300,300,void,211,57,240,110
421.jpg,300,300,void,142,52,178,106
421.jpg,300,300,void,116,166,148,209
421.jpg,300,300,void,3,212,31,250
421.jpg,300,300,void,143,218,168,255
422.jpg,300,300,void,74,163,106,208
422.jpg,300,300,void,225,76,279,108
422.jpg,300,300,void,101,50,136,103
422.jpg,300,300,void,103,215,130,256
423.jpg,300,300,void,270,224,300,266
423.jpg,300,300,void,185,81,230,114
423.jpg,300,300,void,58,54,93,108
423.jpg,300,300,void,43,171,78,211
423.jpg,300,300,void,71,215,100,255
424.jpg,300,300,void,258,116,300,170
424.jpg,300,300,void,130,53,180,105
424.jpg,300,300,void,9,53,43,110
424.jpg,300,300,void,6,169,39,211
424.jpg,300,300,void,37,220,61,255
424.jpg,300,300,void,208,223,280,271
425.jpg,300,300,void,77,51,109,103
425.jpg,300,300,void,172,1,225,38
425.jpg,300,300,void,198,115,261,162
426.jpg,300,300,void,132,116,184,166
426.jpg,300,300,void,259,58,300,116
426.jpg,300,300,void,270,183,300,223
426.jpg,300,300,void,232,228,255,274
427.jpg,300,300,void,59,119,119,170
427.jpg,300,300,void,181,57,300,117
427.jpg,300,300,void,199,187,228,223
427.jpg,300,300,void,166,229,189,273
428.jpg,300,300,void,109,228,129,267
428.jpg,300,300,void,136,182,167,222
428.jpg,300,300,void,1,119,49,165
428.jpg,300,300,void,120,55,300,112
429.jpg,300,300,void,79,61,253,123
429.jpg,300,300,void,263,7,300,57
429.jpg,300,300,void,82,186,109,222
429.jpg,300,300,void,52,231,76,273
430.jpg,300,300,void,1,65,194,125
430.jpg,300,300,void,1,231,25,271
430.jpg,300,300,void,260,67,300,128
430.jpg,300,300,void,200,12,250,57
431.jpg,300,300,void,133,4,182,56
431.jpg,300,300,void,1,61,128,126
431.jpg,300,300,void,201,62,272,124
431.jpg,300,300,void,256,249,300,299
432.jpg,300,300,void,1,61,50,122
432.jpg,300,300,void,49,1,104,51
432.jpg,300,300,void,200,3,264,53
432.jpg,300,300,void,131,62,195,126
432.jpg,300,300,void,250,202,300,242
432.jpg,300,300,void,194,249,241,295
433.jpg,300,300,void,123,2,188,50
433.jpg,300,300,void,50,62,124,126
433.jpg,300,300,void,192,200,271,248
433.jpg,300,300,void,131,249,183,296
434.jpg,300,300,void,51,1,116,47
434.jpg,300,300,void,1,52,61,121
434.jpg,300,300,void,106,200,213,241
434.jpg,300,300,void,82,244,124,296
435.jpg,300,300,void,4,1,42,45
435.jpg,300,300,void,55,198,149,237
435.jpg,300,300,void,27,244,70,287
436.jpg,300,300,void,255,132,285,164
437.jpg,300,300,void,271,133,300,169
438.jpg,300,300,void,243,139,279,175
439.jpg,300,300,void,180,140,212,172
44.jpg,300,300,void,76,173,115,221
440.jpg,300,300,void,116,141,151,174
441.jpg,300,300,void,58,142,93,178
442.jpg,300,300,void,10,146,48,177
448.jpg,300,300,void,244,67,300,110
449.jpg,300,300,void,188,70,250,116
450.jpg,300,300,void,135,67,195,112
450.jpg,300,300,void,255,209,284,239
451.jpg,300,300,void,79,64,144,110
451.jpg,300,300,void,209,203,242,237
452.jpg,300,300,void,21,65,89,107
452.jpg,300,300,void,161,202,190,234
453.jpg,300,300,void,1,59,32,108
453.jpg,300,300,void,111,202,142,234
454.jpg,300,300,void,62,200,98,230
454.jpg,300,300,void,249,1,300,38
455.jpg,300,300,void,183,2,300,30
455.jpg,300,300,void,1,194,31,230
456.jpg,300,300,void,109,1,260,30
457.jpg,300,300,void,51,1,209,28
458.jpg,300,300,void,8,1,166,24
459.jpg,300,300,void,1,1,126,30
460.jpg,300,300,void,3,1,83,31
460.jpg,300,300,void,268,129,300,160
461.jpg,300,300,void,1,1,34,26
461.jpg,300,300,void,226,122,260,159
462.jpg,300,300,void,172,121,206,155
463.jpg,300,300,void,115,127,148,156
464.jpg,300,300,void,63,127,100,155
465.jpg,300,300,void,14,126,49,159
47.jpg,300,300,void,154,184,197,242
475.jpg,300,300,void,273,92,300,129
476.jpg,300,300,void,193,90,217,129
477.jpg,300,300,void,117,88,137,125
478.jpg,300,300,void,54,81,80,121
479.jpg,300,300,void,7,76,29,117
479.jpg,300,300,void,271,121,300,167
48.jpg,300,300,void,181,172,239,219
480.jpg,300,300,void,238,117,266,157
481.jpg,300,300,void,239,1,295,48
481.jpg,300,300,void,193,109,222,150
482.jpg,300,300,void,179,4,229,48
482.jpg,300,300,void,138,107,169,150
482.jpg,300,300,void,231,245,300,277
483.jpg,300,300,void,141,2,194,51
483.jpg,300,300,void,100,114,131,151
483.jpg,300,300,void,195,250,262,280
484.jpg,300,300,void,75,4,123,48
484.jpg,300,300,void,58,112,84,151
484.jpg,300,300,void,162,248,230,275
485.jpg,300,300,void,22,4,78,48
485.jpg,300,300,void,7,113,39,150
485.jpg,300,300,void,119,244,186,274
486.jpg,300,300,void,73,246,140,275
486.jpg,300,300,void,1,9,35,54
487.jpg,300,300,void,44,240,101,270
488.jpg,300,300,void,1,236,52,264
489.jpg,300,300,void,257,248,285,279
49.jpg,300,300,void,24,232,74,275
490.jpg,300,300,void,193,250,226,282
491.jpg,300,300,void,149,249,179,279
491.jpg,300,300,void,231,205,300,239
492.jpg,300,300,void,107,244,134,273
492.jpg,300,300,void,184,201,260,243
493.jpg,300,300,void,62,243,89,272
493.jpg,300,300,void,138,203,207,242
493.jpg,300,300,void,269,250,300,287
494.jpg,300,300,void,222,250,270,283
494.jpg,300,300,void,91,204,160,241
494.jpg,300,300,void,26,242,49,272
495.jpg,300,300,void,36,199,99,236
495.jpg,300,300,void,168,245,209,277
496.jpg,300,300,void,1,203,35,243
496.jpg,300,300,void,98,249,142,281
497.jpg,300,300,void,46,250,82,277
498.jpg,300,300,void,1,247,25,277
498.jpg,300,300,void,189,184,261,219
499.jpg,300,300,void,134,183,197,214
5.jpg,300,300,void,113,2,287,55
5.jpg,300,300,void,210,132,278,179
50.jpg,300,300,void,194,145,247,199
500.jpg,300,300,void,176,33,300,73
500.jpg,300,300,void,76,183,143,216
500.jpg,300,300,void,269,224,300,252
501.jpg,300,300,void,25,181,86,212
501.jpg,300,300,void,209,218,262,247
502.jpg,300,300,void,157,178,183,213
502.jpg,300,300,void,144,217,196,244
502.jpg,300,300,void,225,139,254,172
503.jpg,300,300,void,75,217,122,245
503.jpg,300,300,void,77,181,106,210
503.jpg,300,300,void,149,147,176,173
504.jpg,300,300,void,201,180,227,209
504.jpg,300,300,void,136,18,158,50
504.jpg,300,300,void,1,206,45,237
504.jpg,300,300,void,66,137,96,166
504.jpg,300,300,void,1,171,31,203
505.jpg,300,300,void,1,123,31,154
505.jpg,300,300,void,61,1,86,37
505.jpg,300,300,void,139,164,168,195
506.jpg,300,300,void,1,2,27,31
506.jpg,300,300,void,87,160,113,187
507.jpg,300,300,void,49,155,75,184
508.jpg,300,300,void,8,156,36,183
508.jpg,300,300,void,235,1,300,23
509.jpg,300,300,void,178,1,233,29
509.jpg,300,300,void,212,226,242,251
51.jpg,300,300,void,143,243,172,300
510.jpg,300,300,void,251,127,300,158
510.jpg,300,300,void,112,1,168,33
510.jpg,300,300,void,158,225,192,252
511.jpg,300,300,void,201,123,282,158
511.jpg,300,300,void,51,1,105,28
511.jpg,300,300,void,118,224,152,250
512.jpg,300,300,void,14,1,65,30
512.jpg,300,300,void,165,120,234,158
512.jpg,300,300,void,88,220,120,252
512.jpg,300,300,void,2,217,45,243
513.jpg,300,300,void,100,186,186,222
514.jpg,300,300,void,172,185,266,217
515.jpg,300,300,void,217,182,300,214
516.jpg,300,300,void,226,183,300,215
517.jpg,300,300,void,248,182,300,214
52.jpg,300,300,void,111,1,185,33
52.jpg,300,300,void,138,55,181,151
52.jpg,300,300,void,36,194,78,233
53.jpg,300,300,void,115,140,148,185
53.jpg,300,300,void,223,136,260,182
53.jpg,300,300,void,143,1,192,37
53.jpg,300,300,void,44,97,78,134
532.jpg,300,300,void,1,209,67,248
533.jpg,300,300,void,1,209,113,242
534.jpg,300,300,void,73,148,101,177
534.jpg,300,300,void,18,210,138,243
535.jpg,300,300,void,92,148,123,175
535.jpg,300,300,void,32,208,162,245
536.jpg,300,300,void,123,141,155,170
536.jpg,300,300,void,80,205,193,224
537.jpg,300,300,void,172,139,200,165
537.jpg,300,300,void,127,201,240,226
538.jpg,300,300,void,216,132,246,165
538.jpg,300,300,void,173,196,284,218
539.jpg,300,300,void,250,132,284,159
539.jpg,300,300,void,206,192,300,220
54.jpg,300,300,void,136,138,179,180
540.jpg,300,300,void,274,133,299,158
540.jpg,300,300,void,233,192,300,218
541.jpg,300,300,void,258,190,300,214
55.jpg,300,300,void,76,6,148,43
55.jpg,300,300,void,279,4,300,50
56.jpg,300,300,void,216,5,268,48
56.jpg,300,300,void,52,245,74,275
56.jpg,300,300,void,108,91,130,116
563.jpg,300,300,void,109,243,153,285
563.jpg,300,300,void,178,134,259,181
563.jpg,300,300,void,272,186,300,232
564.jpg,300,300,void,211,142,292,182
564.jpg,300,300,void,134,244,183,286
565.jpg,300,300,void,182,247,227,284
566.jpg,300,300,void,236,256,279,298
567.jpg,300,300,void,46,1,105,25
568.jpg,300,300,void,130,1,187,30
569.jpg,300,300,void,202,1,242,36
57.jpg,300,300,void,192,46,208,77
57.jpg,300,300,void,221,42,238,77
57.jpg,300,300,void,1,236,25,271
570.jpg,300,300,void,258,1,296,36
578.jpg,300,300,void,1,260,80,296
579.jpg,300,300,void,1,267,172,299
58.jpg,300,300,void,93,61,114,99
58.jpg,300,300,void,213,61,233,105
58.jpg,300,300,void,141,109,155,146
580.jpg,300,300,void,39,274,241,300
581.jpg,300,300,void,107,261,296,300
582.jpg,300,300,void,18,136,69,176
582.jpg,300,300,void,154,263,300,298
583.jpg,300,300,void,69,134,118,173
583.jpg,300,300,void,204,258,300,297
584.jpg,300,300,void,127,126,175,164
584.jpg,300,300,void,260,252,300,288
584.jpg,300,300,void,1,177,29,219
585.jpg,300,300,void,17,132,76,169
585.jpg,300,300,void,198,126,247,163
585.jpg,300,300,void,21,171,98,215
586.jpg,300,300,void,75,132,137,169
586.jpg,300,300,void,258,126,300,165
586.jpg,300,300,void,76,174,158,216
587.jpg,300,300,void,122,131,184,162
587.jpg,300,300,void,128,174,211,209
588.jpg,300,300,void,167,127,227,165
588.jpg,300,300,void,171,174,253,210
589.jpg,300,300,void,213,178,284,221
589.jpg,300,300,void,202,134,262,172
59.jpg,300,300,void,104,178,149,202
59.jpg,300,300,void,231,116,262,141
590.jpg,300,300,void,251,138,300,177
590.jpg,300,300,void,261,184,300,221
6.jpg,300,300,void,110,131,144,179
6.jpg,300,300,void,56,241,186,280
60.jpg,300,300,void,134,144,166,177
61.jpg,300,300,void,164,1,231,36
610.jpg,300,300,void,206,192,237,218
611.jpg,300,300,void,272,182,300,211
613.jpg,300,300,void,51,195,83,237
614.jpg,300,300,void,107,196,151,234
615.jpg,300,300,void,2,237,53,300
616.jpg,300,300,void,2,237,123,300
617.jpg,300,300,void,45,228,190,293
618.jpg,300,300,void,126,233,262,280
619.jpg,300,300,void,195,235,300,286
62.jpg,300,300,void,58,134,270,183
62.jpg,300,300,void,61,189,196,233
620.jpg,300,300,void,248,234,300,280
63.jpg,300,300,void,139,174,239,218
63.jpg,300,300,void,158,121,182,167
634.jpg,300,300,void,157,103,178,129
634.jpg,300,300,void,102,78,121,99
635.jpg,300,300,void,175,79,195,101
635.jpg,300,300,void,232,103,253,130
636.jpg,300,300,void,246,72,264,94
636.jpg,300,300,void,119,161,141,188
636.jpg,300,300,void,1,193,31,222
636.jpg,300,300,void,8,105,29,130
636.jpg,300,300,void,65,261,94,287
637.jpg,300,300,void,135,263,167,295
637.jpg,300,300,void,47,268,72,296
637.jpg,300,300,void,31,169,70,194
637.jpg,300,300,void,73,113,99,134
637.jpg,300,300,void,187,164,204,186
637.jpg,300,300,void,148,164,166,189
638.jpg,300,300,void,130,110,156,134
638.jpg,300,300,void,123,198,159,222
638.jpg,300,300,void,192,263,221,290
638.jpg,300,300,void,105,267,136,295
638.jpg,300,300,void,37,170,70,194
638.jpg,300,300,void,41,144,84,163
638.jpg,300,300,void,148,140,167,162
639.jpg,300,300,void,173,253,207,279
639.jpg,300,300,void,263,248,289,277
639.jpg,300,300,void,190,183,224,215
639.jpg,300,300,void,150,157,228,181
639.jpg,300,300,void,213,127,229,152
639.jpg,300,300,void,189,101,219,126
64.jpg,300,300,void,97,114,130,162
640.jpg,300,300,void,270,181,293,211
640.jpg,300,300,void,272,99,291,121
640.jpg,300,300,void,252,251,284,276
641.jpg,300,300,void,1,252,51,289
642.jpg,300,300,void,29,236,118,274
643.jpg,300,300,void,89,232,181,264
643.jpg,300,300,void,45,274,116,300
644.jpg,300,300,void,151,228,236,263
644.jpg,300,300,void,107,268,172,299
645.jpg,300,300,void,208,215,300,257
645.jpg,300,300,void,169,260,232,299
646.jpg,300,300,void,276,205,300,251
646.jpg,300,300,void,245,250,300,290
647.jpg,300,300,void,39,48,75,85
648.jpg,300,300,void,111,33,148,74
649.jpg,300,300,void,179,30,218,72
65.jpg,300,300,void,79,143,212,206
65.jpg,300,300,void,82,208,208,261
65.jpg,300,300,void,165,260,200,300
650.jpg,300,300,void,245,35,280,76
654.jpg,300,300,void,88,113,121,155
655.jpg,300,300,void,154,117,192,157
655.jpg,300,300,void,32,165,68,218
656.jpg,300,300,void,204,121,249,163
656.jpg,300,300,void,82,172,121,221
657.jpg,300,300,void,131,168,171,222
658.jpg,300,300,void,194,168,235,221
666.jpg,300,300,void,1,67,81,134
667.jpg,300,300,void,52,69,153,129
668.jpg,300,300,void,110,72,216,138
668.jpg,300,300,void,1,140,36,216
669.jpg,300,300,void,151,74,266,139
669.jpg,300,300,void,19,141,92,215
67.jpg,300,300,void,132,2,169,65
670.jpg,300,300,void,205,66,300,131
670.jpg,300,300,void,77,136,146,210
671.jpg,300,300,void,142,136,207,211
672.jpg,300,300,void,197,135,280,209
673.jpg,300,300,void,263,124,300,196
673.jpg,300,300,void,1,215,56,298
674.jpg,300,300,void,1,211,115,300
675.jpg,300,300,void,15,212,185,284
68.jpg,300,300,void,144,40,185,81
683.jpg,300,300,void,114,63,217,120
684.jpg,300,300,void,170,64,269,128
685.jpg,300,300,void,235,66,300,128
688.jpg,300,300,void,1,224,50,293
689.jpg,300,300,void,76,219,120,285
69.jpg,300,300,void,224,67,282,129
69.jpg,300,300,void,173,194,198,252
69.jpg,300,300,void,192,256,222,300
690.jpg,300,300,void,140,228,183,285
690.jpg,300,300,void,37,139,77,180
691.jpg,300,300,void,201,222,247,284
691.jpg,300,300,void,103,134,143,176
692.jpg,300,300,void,171,134,206,173
692.jpg,300,300,void,266,219,300,279
693.jpg,300,300,void,240,140,279,178
695.jpg,300,300,void,16,1,83,44
696.jpg,300,300,void,79,6,149,55
697.jpg,300,300,void,143,6,209,55
698.jpg,300,300,void,216,2,280,52
698.jpg,300,300,void,112,55,150,93
699.jpg,300,300,void,182,60,220,97
7.jpg,300,300,void,71,141,145,169
70.jpg,300,300,void,113,90,136,135
70.jpg,300,300,void,141,243,188,291
700.jpg,300,300,void,254,61,300,101
705.jpg,300,300,void,1,95,42,137
706.jpg,300,300,void,57,90,107,137
707.jpg,300,300,void,115,96,159,137
708.jpg,300,300,void,161,94,204,135
709.jpg,300,300,void,188,97,229,142
71.jpg,300,300,void,100,209,180,284
710.jpg,300,300,void,218,97,265,138
711.jpg,300,300,void,273,96,300,135
72.jpg,300,300,void,191,139,226,185
723.jpg,300,300,void,220,89,300,117
723.jpg,300,300,void,135,188,181,228
723.jpg,300,300,void,1,186,50,226
724.jpg,300,300,void,62,187,107,227
724.jpg,300,300,void,234,47,288,85
724.jpg,300,300,void,136,88,216,114
725.jpg,300,300,void,144,55,202,95
725.jpg,300,300,void,234,92,300,119
725.jpg,300,300,void,58,96,124,125
725.jpg,300,300,void,1,194,27,235
726.jpg,300,300,void,229,238,270,278
726.jpg,300,300,void,165,95,300,121
726.jpg,300,300,void,72,58,132,96
726.jpg,300,300,void,1,100,50,127
727.jpg,300,300,void,98,97,300,123
727.jpg,300,300,void,1,56,71,96
727.jpg,300,300,void,169,240,214,278
727.jpg,300,300,void,253,237,284,277
728.jpg,300,300,void,257,129,284,159
728.jpg,300,300,void,51,102,282,131
728.jpg,300,300,void,1,68,22,100
728.jpg,300,300,void,118,247,164,287
728.jpg,300,300,void,203,247,232,285
729.jpg,300,300,void,199,136,223,161
729.jpg,300,300,void,1,105,220,131
729.jpg,300,300,void,62,248,109,287
729.jpg,300,300,void,146,247,177,286
729.jpg,300,300,void,261,206,300,244
73.jpg,300,300,void,86,145,107,181
73.jpg,300,300,void,152,231,225,263
73.jpg,300,300,void,268,237,286,267
730.jpg,300,300,void,1,97,147,128
730.jpg,300,300,void,1,244,38,284
730.jpg,300,300,void,73,242,112,283
730.jpg,300,300,void,191,199,257,241
730.jpg,300,300,void,127,129,147,158
731.jpg,300,300,void,205,110,271,152
731.jpg,300,300,void,107,196,178,240
731.jpg,300,300,void,227,198,299,241
731.jpg,300,300,void,1,96,61,124
731.jpg,300,300,void,36,122,65,155
731.jpg,300,300,void,1,238,29,283
732.jpg,300,300,void,127,103,190,152
732.jpg,300,300,void,196,156,300,196
732.jpg,300,300,void,155,189,300,236
732.jpg,300,300,void,38,198,102,237
733.jpg,300,300,void,54,101,125,145
733.jpg,300,300,void,131,148,300,189
733.jpg,300,300,void,98,188,300,229
733.jpg,300,300,void,1,191,42,236
733.jpg,300,300,void,34,143,74,185
734.jpg,300,300,void,1,104,67,144
734.jpg,300,300,void,85,148,252,185
734.jpg,300,300,void,45,192,240,230
735.jpg,300,300,void,1,109,32,151
735.jpg,300,300,void,48,153,215,190
735.jpg,300,300,void,66,193,206,238
736.jpg,300,300,void,1,148,165,188
736.jpg,300,300,void,1,193,161,231
737.jpg,300,300,void,1,152,115,187
737.jpg,300,300,void,1,194,103,228
737.jpg,300,300,void,241,246,284,284
738.jpg,300,300,void,158,12,207,55
738.jpg,300,300,void,1,155,50,195
738.jpg,300,300,void,1,197,41,236
738.jpg,300,300,void,181,248,224,288
739.jpg,300,300,void,213,53,259,100
739.jpg,300,300,void,126,247,166,285
74.jpg,300,300,void,220,57,247,114
746.jpg,300,300,void,1,60,31,101
746.jpg,300,300,void,64,60,98,100
747.jpg,300,300,void,1,67,38,108
748.jpg,300,300,void,266,208,299,244
748.jpg,300,300,void,237,166,294,201
749.jpg,300,300,void,184,162,238,200
749.jpg,300,300,void,215,204,297,241
75.jpg,300,300,void,220,94,253,133
750.jpg,300,300,void,155,212,227,246
750.jpg,300,300,void,120,165,169,209
751.jpg,300,300,void,52,169,109,210
751.jpg,300,300,void,87,215,165,249
752.jpg,300,300,void,20,212,109,249
753.jpg,300,300,void,1,206,41,248
754.jpg,300,300,void,132,18,185,56
755.jpg,300,300,void,75,15,123,49
756.jpg,300,300,void,1,11,44,51
76.jpg,300,300,void,203,144,279,181
769.jpg,300,300,void,157,40,232,97
769.jpg,300,300,void,174,100,226,158
77.jpg,300,300,void,143,13,215,96
77.jpg,300,300,void,75,99,215,265
770.jpg,300,300,void,78,43,157,96
770.jpg,300,300,void,97,99,161,157
771.jpg,300,300,void,1,36,86,91
771.jpg,300,300,void,30,93,83,150
772.jpg,300,300,void,209,196,277,247
773.jpg,300,300,void,150,202,222,249
774.jpg,300,300,void,91,200,161,255
775.jpg,300,300,void,22,196,87,248
78.jpg,300,300,void,106,123,224,157
78.jpg,300,300,void,215,79,272,120
784.jpg,300,300,void,172,168,195,209
785.jpg,300,300,void,110,172,136,212
786.jpg,300,300,void,54,173,81,212
787.jpg,300,300,void,235,68,272,120
788.jpg,300,300,void,150,69,180,119
789.jpg,300,300,void,64,71,93,120
79.jpg,300,300,void,128,154,159,188
79.jpg,300,300,void,226,124,265,156
79.jpg,300,300,void,201,97,219,128
79.jpg,300,300,void,2,56,62,82
791.jpg,300,300,void,266,16,300,69
792.jpg,300,300,void,192,16,300,76
793.jpg,300,300,void,113,10,275,66
793.jpg,300,300,void,219,178,292,225
794.jpg,300,300,void,216,126,249,172
794.jpg,300,300,void,26,4,181,65
794.jpg,300,300,void,142,174,202,220
795.jpg,300,300,void,1,10,95,67
795.jpg,300,300,void,135,126,163,177
795.jpg,300,300,void,58,175,122,221
795.jpg,300,300,void,223,254,287,300
796.jpg,300,300,void,214,206,275,240
796.jpg,300,300,void,52,119,81,167
796.jpg,300,300,void,1,168,47,218
796.jpg,300,300,void,148,242,234,300
797.jpg,300,300,void,139,203,203,240
797.jpg,300,300,void,88,247,160,300
798.jpg,300,300,void,71,211,136,242
798.jpg,300,300,void,35,247,98,300
799.jpg,300,300,void,9,205,63,234
799.jpg,300,300,void,3,239,34,300
8.jpg,300,300,void,170,83,221,123
8.jpg,300,300,void,260,133,300,166
80.jpg,300,300,void,191,137,279,170
807.jpg,300,300,void,252,70,300,105
808.jpg,300,300,void,182,74,229,105
809.jpg,300,300,void,227,146,267,182
809.jpg,300,300,void,117,61,162,98
81.jpg,300,300,void,146,42,184,99
81.jpg,300,300,void,184,74,217,103
810.jpg,300,300,void,66,66,104,100
810.jpg,300,300,void,170,146,210,182
811.jpg,300,300,void,22,62,57,103
811.jpg,300,300,void,127,143,166,184
812.jpg,300,300,void,81,134,112,167
813.jpg,300,300,void,4,129,39,165
816.jpg,300,300,void,249,249,300,279
817.jpg,300,300,void,198,248,287,285
818.jpg,300,300,void,161,247,246,285
819.jpg,300,300,void,113,242,203,282
82.jpg,300,300,void,222,230,295,294
82.jpg,300,300,void,12,192,96,228
820.jpg,300,300,void,206,48,271,100
820.jpg,300,300,void,45,244,133,277
821.jpg,300,300,void,1,245,66,276
821.jpg,300,300,void,139,47,201,103
822.jpg,300,300,void,70,40,134,100
823.jpg,300,300,void,2,41,71,95
83.jpg,300,300,void,140,45,167,71
83.jpg,300,300,void,137,73,170,98
84.jpg,300,300,void,122,92,185,128
84.jpg,300,300,void,122,129,141,163
84.jpg,300,300,void,100,93,124,132
84.jpg,300,300,void,64,159,84,188
84.jpg,300,300,void,86,192,123,250
840.jpg,300,300,void,233,224,255,270
841.jpg,300,300,void,173,225,191,275
842.jpg,300,300,void,117,226,137,271
843.jpg,300,300,void,67,218,87,266
844.jpg,300,300,void,25,218,48,264
845.jpg,300,300,void,1,218,18,265
847.jpg,300,300,void,279,226,300,264
848.jpg,300,300,void,228,224,248,267
849.jpg,300,300,void,173,218,203,261
85.jpg,300,300,void,184,230,222,276
85.jpg,300,300,void,27,30,69,69
850.jpg,300,300,void,131,214,160,256
851.jpg,300,300,void,103,213,130,259
852.jpg,300,300,void,81,217,107,265
853.jpg,300,300,void,63,221,85,268
854.jpg,300,300,void,23,221,52,269
86.jpg,300,300,void,92,59,152,104
86.jpg,300,300,void,1,217,35,246
867.jpg,300,300,void,1,204,64,252
868.jpg,300,300,void,1,201,115,246
869.jpg,300,300,void,2,202,185,244
87.jpg,300,300,void,38,150,131,178
870.jpg,300,300,void,103,57,138,104
870.jpg,300,300,void,1,201,255,242
870.jpg,300,300,void,1,249,77,294
871.jpg,300,300,void,1,199,297,241
871.jpg,300,300,void,173,52,200,99
871.jpg,300,300,void,1,100,67,152
871.jpg,300,300,void,1,242,144,285
872.jpg,300,300,void,1,194,298,237
872.jpg,300,300,void,49,104,110,147
872.jpg,300,300,void,206,56,239,98
872.jpg,300,300,void,1,241,179,283
873.jpg,300,300,void,232,63,263,110
873.jpg,300,300,void,73,106,133,156
873.jpg,300,300,void,18,203,299,244
873.jpg,300,300,void,17,243,205,294
874.jpg,300,300,void,120,108,179,158
874.jpg,300,300,void,65,204,300,236
874.jpg,300,300,void,74,239,247,293
875.jpg,300,300,void,187,109,250,152
875.jpg,300,300,void,146,200,300,237
875.jpg,300,300,void,153,244,300,283
876.jpg,300,300,void,231,206,300,246
876.jpg,300,300,void,247,253,300,293
88.jpg,300,300,void,252,178,285,208
88.jpg,300,300,void,75,211,214,243
885.jpg,300,300,void,25,133,77,183
886.jpg,300,300,void,78,141,134,187
887.jpg,300,300,void,141,137,195,180
888.jpg,300,300,void,217,133,268,181
89.jpg,300,300,void,153,44,187,89
89.jpg,300,300,void,1,224,13,263
896.jpg,300,300,void,1,87,31,134
897.jpg,300,300,void,16,86,91,142
898.jpg,300,300,void,61,96,146,141
899.jpg,300,300,void,112,90,195,140
90.jpg,300,300,void,158,71,184,109
90.jpg,300,300,void,83,69,114,109
90.jpg,300,300,void,268,181,296,222
90.jpg,300,300,void,221,223,292,258
90.jpg,300,300,void,72,259,104,298
900.jpg,300,300,void,176,90,262,138
901.jpg,300,300,void,253,89,300,136
91.jpg,300,300,void,109,133,211,175
912.jpg,300,300,void,51,244,114,300
913.jpg,300,300,void,132,252,195,300
914.jpg,300,300,void,217,252,274,300
92.jpg,300,300,void,110,180,171,210
92.jpg,300,300,void,72,121,101,150
92.jpg,300,300,void,275,86,300,115
92.jpg,300,300,void,212,122,236,149
92.jpg,300,300,void,230,243,257,275
92.jpg,300,300,void,259,216,300,239
92.jpg,300,300,void,188,214,226,237
92.jpg,300,300,void,111,239,164,272
927.jpg,300,300,void,44,109,79,156
928.jpg,300,300,void,81,110,125,161
929.jpg,300,300,void,112,105,153,158
93.jpg,300,300,void,201,1,300,47
93.jpg,300,300,void,153,78,298,110
93.jpg,300,300,void,189,113,300,153
93.jpg,300,300,void,135,155,244,196
93.jpg,300,300,void,60,199,210,233
93.jpg,300,300,void,230,236,279,286
930.jpg,300,300,void,160,101,202,152
931.jpg,300,300,void,228,97,275,158
934.jpg,300,300,void,1,47,63,101
935.jpg,300,300,void,34,54,116,105
936.jpg,300,300,void,88,54,162,106
937.jpg,300,300,void,154,54,223,104
938.jpg,300,300,void,218,62,300,112
94.jpg,300,300,void,95,39,266,88
940.jpg,300,300,void,53,122,94,170
941.jpg,300,300,void,85,125,134,176
942.jpg,300,300,void,128,126,175,175
942.jpg,300,300,void,22,123,62,178
943.jpg,300,300,void,202,116,245,169
943.jpg,300,300,void,100,119,134,168
944.jpg,300,300,void,184,119,228,170
945.jpg,300,300,void,263,117,300,172
949.jpg,300,300,void,1,101,46,155
95.jpg,300,300,void,122,175,199,235
95.jpg,300,300,void,5,212,31,243
950.jpg,300,300,void,61,99,118,151
950.jpg,300,300,void,1,207,75,262
951.jpg,300,300,void,128,104,178,152
951.jpg,300,300,void,40,211,137,258
952.jpg,300,300,void,187,101,237,149
952.jpg,300,300,void,94,208,194,254
953.jpg,300,300,void,239,99,284,148
953.jpg,300,300,void,148,206,245,257
954.jpg,300,300,void,189,210,279,260
955.jpg,300,300,void,232,208,298,258
96.jpg,300,300,void,31,182,134,210
97.jpg,300,300,void,99,209,165,246
98.jpg,300,300,void,77,280,216,300
99.jpg,300,300,void,21,85,102,119
99.jpg,300,300,void,226,268,257,300
99.jpg,300,300,void,145,267,184,300
99.jpg,300,300,void,110,163,137,192
99.jpg,300,300,void,125,86,153,118
